Date,cad_oas,us_hy_oas,us_ig_oas,tsx,vix,us_3m_10y,us_growth_surprises,us_inflation_surprises,us_lei_yoy,us_hard_data_surprises,us_economic_regime,cad_ig_er_index,us_hy_er_index,us_ig_er_index
2002-10-31,86.896937,1001.548411,253.069203,6248.79,31.14,353.472,0.09781,-0.01729,3.5,0.2097,0.85,99.76915,81.017657,94.29220600000001
2002-11-29,69.815295,855.874649,197.529894,6570.42,27.5,383.97,0.21568,-0.01644,3.5,0.0684,0.85,100.646215,87.998338,97.19690299999999
2002-11-30,69.815295,855.874649,197.529894,6570.42,27.5,383.97,0.21568,-0.01644,3.5,0.0684,0.99,100.646215,87.998338,97.19690299999999
2002-12-31,77.339824,860.768757,187.298322,6614.54,28.62,358.207,0.13698,-0.08693,3.1,0.0047,0.88,100.89157499999999,86.708345,97.552335
2003-01-31,74.88798,783.850864,169.313367,6569.49,31.17,367.751,0.20557,-0.0989,3.3,0.2402,0.99,100.77719926600123,89.94932691815966,98.3231876980299
2003-02-28,106.929516,800.036397,165.91452,6555.12,29.63,347.721,0.16672,-0.05803,2.2,0.1383,0.69,100.83943221620848,89.64553556061765,98.5710389155644
2003-03-31,117.389155,729.973437,160.829545,6343.29,29.15,371.266,0.09889,-0.02845,1.5,-0.1244,0.66,100.58638000345648,92.40636915125636,98.9241783682644
2003-04-30,95.375922,613.528554,133.809423,6586.07,21.21,364.493,0.14055,-0.01127,0.4,-0.0711,0.58,101.13514340470198,97.69517413536863,100.54359590543189
2003-05-30,98.637704,659.857887,130.736857,6859.8,19.47,327.324,0.13526,-0.24004,0.4,-0.3398,0.58,100.61316268095597,96.51979136097009,100.85206126631864
2003-05-31,98.637704,659.857887,130.736857,6859.8,19.47,327.324,0.13526,-0.24004,0.7,-0.3398,0.92,100.61316268095597,96.51979136097009,100.85206126631864
2003-06-30,89.258327,587.460552,123.329521,6983.14,19.52,370.436,0.17371,-0.21691,1.3,-0.0052,0.97,101.05963413214045,99.75681591026392,101.24560201855893
2003-07-31,89.365314,523.911976,118.719534,7257.92,19.49,440.911,0.16732,-0.17314,2.2,0.1623,0.99,101.83330301454446,101.75924542344221,101.16764697213708
2003-08-29,76.57847,512.576142,117.906507,7510.32,18.63,424.498,0.2923,-0.1689,2.2,0.177,0.99,101.79094974027521,102.64244535352735,101.46055663768469
2003-08-31,76.57847,512.576142,117.906507,7510.32,18.63,424.498,0.2923,-0.1689,2.7,0.177,0.98,101.79094974027521,102.64244535352735,101.46055663768469
2003-09-30,68.564182,516.950598,113.26931,7421.13,22.72,395.343,0.27553,-0.22589,4.3,0.1859,0.99,101.83028837428346,102.96324195169075,102.00912560966025
2003-10-31,72.049094,448.631786,103.278604,7772.7,16.1,418.177,0.317,-0.18763,5.4,0.3976,1.0,101.80515224728795,106.2962925247383,102.49631465245379
2003-11-28,79.693865,416.878787,97.762203,7859.39,16.32,422.961,0.5082,-0.17077,5.4,0.4669,1.0,102.19205428584519,107.89571292244142,102.9070333953642
2003-11-30,79.693865,416.878787,97.762203,7859.39,16.32,422.961,0.5082,-0.17077,6.1,0.4669,1.0,102.19205428584519,107.89571292244142,102.9070333953642
2003-12-31,66.942184,392.80869,95.112762,8220.89,18.31,414.849,0.501,-0.38168,7.0,0.349,1.0,102.8098618275262,109.61529287756207,103.20628981582696
2004-01-30,54.143354,374.366673,93.039391,8521.39,16.63,404.754,0.52856,-0.3629,7.0,0.2866,1.0,103.09801113966468,110.92892254740676,103.37225172222819
2004-01-31,54.143354,374.366673,93.039391,8521.39,16.63,404.754,0.52856,-0.3629,8.0,0.2866,1.0,103.09801113966468,110.92892254740676,103.37225172222819
2004-02-27,56.991062,407.895757,94.087086,8788.49,14.55,389.882,0.40151,-0.12241,8.0,0.0169,1.0,103.21202419213553,109.37843286425344,103.34089042694185
2004-02-29,56.991062,407.895757,94.087086,8788.49,14.55,389.882,0.40151,-0.12241,9.4,0.0169,1.0,103.21202419213553,109.37843286425344,103.34089042694185
2004-03-31,64.797821,411.934331,97.108244,8585.93,16.74,383.253,0.29172,0.01119,11.0,-0.0549,1.0,103.0179818870209,109.10031584701156,103.23159703015273
2004-04-30,54.22657,365.997318,91.734787,8243.97,17.19,431.802,0.43103,0.24927,11.6,0.0741,1.0,103.1633149357989,111.6496113096418,103.50320089480942
2004-05-31,74.275082,402.670924,98.690208,8417.32,15.5,427.347,0.35782,0.29027,11.5,0.1216,1.0,102.96226716669929,110.16844124155132,103.17581299844436
2004-06-30,62.299757,384.028121,99.888876,8545.58,14.34,401.732,0.3801,0.4341,11.1,0.4077,0.99,103.01446887404222,111.31135057350386,103.17981946661502
2004-07-30,68.388635,389.123994,97.337581,8458.07,15.32,376.561,0.27038,0.40001,11.1,-0.0054,0.99,103.04090745810979,111.82566004692072,103.38095614071128
2004-07-31,68.388635,389.123994,97.337581,8458.07,15.32,376.561,0.27038,0.40001,11.5,-0.0054,1.0,103.04090745810979,111.82566004692072,103.38095614071128
2004-08-31,67.05511,392.327629,94.538487,8377.03,15.29,333.127,0.16209,0.04635,11.3,-0.2031,1.0,103.13210905843837,111.87851215653455,103.54837015961023
2004-09-30,67.461716,365.324386,90.249237,8668.29,13.34,319.154,0.17942,-0.03056,11.0,-0.2688,1.0,103.19524048219219,113.34315991152957,103.9192450582521
2004-10-29,66.677274,347.978994,90.021354,8870.97,16.27,290.237,0.23685,-0.01528,11.0,-0.2141,1.0,103.22755567796182,114.65296181534698,104.06088433833243
2004-10-31,66.677274,347.978994,90.021354,8870.97,16.27,290.237,0.23685,-0.01528,10.2,-0.2141,1.0,103.22755567796182,114.65296181534698,104.06088433833243
2004-11-30,63.792908,301.852874,84.405992,9030.05,13.24,277.985,0.16471,0.10133,9.9,-0.041,0.99,103.63458094903561,117.4961753396874,104.51874769040845
2004-12-31,59.97322,288.470442,80.621513,9246.65,13.29,265.036,0.16834,0.20697,9.9,-0.0735,1.0,103.91700992046202,118.37905965848752,104.89370852606415
2005-01-31,58.344763,303.849393,81.672589,9204.05,12.82,212.004,0.16154,0.05504,9.4,-0.1629,0.99,103.95168183082197,117.71909521710084,104.90251120608364
2005-02-28,55.963045,256.798056,76.838771,9668.32,12.08,197.3,0.14488,0.04587,8.9,-0.0138,1.0,104.16182488662334,120.39416009878056,105.22300449205126
2005-03-31,59.010682,328.978208,92.952138,9612.38,14.02,197.959,0.15611,0.11503,7.2,-0.0566,0.99,103.95573459420888,117.26435034595697,104.24556820320741
2005-04-29,64.829157,388.700214,104.266865,9369.3,15.31,164.798,0.06693,0.21397,7.2,-0.1321,0.99,103.81544870915644,114.18951701222937,103.53610072472384
2005-04-30,64.829157,388.700214,104.266865,9369.3,15.31,164.798,0.06693,0.21397,7.4,-0.1321,0.99,103.81544870915644,114.18951701222937,103.53610072472384
2005-05-31,62.299235,375.593613,104.41625,9607.3,13.29,138.482,0.09589,0.1997,6.3,0.0981,0.96,103.93201761503472,114.97485789949093,103.62329781568447
2005-06-30,56.09734,355.631885,84.337061,9902.77,12.04,108.576,0.08938,-0.05712,6.6,-0.1641,0.99,104.20737171207146,116.6727131140146,103.71604902851158
2005-07-29,54.150333,308.632535,85.0454,10422.93,11.57,109.093,0.24503,-0.25863,6.6,-0.0278,0.99,104.54415115367217,120.25518071516031,104.33188313807935
2005-07-31,54.150333,308.632535,85.0454,10422.93,11.57,109.093,0.24503,-0.25863,6.0,-0.0278,0.98,104.54415115367217,120.25518071516031,104.33188313807935
2005-08-31,52.363377,342.300758,89.191096,10668.94,12.6,76.687,0.16205,-0.14005,6.2,0.054,0.97,104.74711354408801,118.76241485391381,104.09613243029285
2005-09-30,54.068644,341.099723,87.813465,11011.83,11.92,104.891,-0.01466,-0.11732,5.0,-0.0757,0.07,104.70601020998407,118.93904706503962,104.01483770831099
2005-10-31,54.368106,344.397495,92.669622,10383.32,15.32,86.973,0.03708,0.22092,4.8,0.2168,0.99,104.57009507436892,118.93203902470783,103.78893232400674
2005-11-30,60.294579,343.483299,94.413843,10824.14,12.06,80.13,0.11865,0.27704,4.5,0.1285,1.0,104.49097370218556,118.96170836843005,103.85693281737002
2005-12-30,62.323585,340.032322,98.9635,11272.26,12.07,45.506,0.0692,0.01602,4.5,0.0143,1.0,104.56692976224673,118.93404554976905,103.683845611057
2005-12-31,62.323585,340.032322,98.9635,11272.26,12.07,45.506,0.0692,0.01602,3.6,0.0143,0.97,104.56692976224673,118.93404554976905,103.683845611057
2006-01-31,58.757157,323.324692,87.448484,11945.64,12.95,21.278,-0.03192,-0.16491,3.6,-0.0805,0.99,104.56331592915416,121.13003900943818,103.93178582790516
2006-02-28,59.463994,320.22178,83.585007,11688.34,12.34,-7.309,0.06933,-0.01028,3.1,0.1658,0.99,104.53491973370792,121.90028562192987,104.20577868464002
2006-03-31,59.616901,299.396965,87.061441,12110.61,11.39,28.438,0.0656,0.03578,3.7,0.0398,0.99,104.51220047687848,123.49086078415381,104.08145345904471
2006-04-28,58.798411,290.792306,84.861599,12204.17,11.59,41.969,0.08266,0.05195,3.7,0.0808,0.99,104.59185119861698,124.47428715856981,104.3180112633217
2006-04-30,58.798411,290.792306,84.861599,12204.17,11.59,41.969,0.08266,0.05195,2.6,0.0808,0.99,104.59185119861698,124.47428715856981,104.3180112633217
2006-05-31,59.485879,296.985903,89.205879,11744.52,16.44,40.172,0.01333,0.3248,2.3,0.053,0.87,104.63415061304443,124.43961550561113,104.1198071503747
2006-06-30,60.880887,317.438804,93.682282,11612.87,13.08,21.663,0.03421,0.44885,1.3,-0.0246,0.94,104.45232963557383,123.71574008813886,103.90403069927355
2006-07-31,63.829762,330.961551,94.888092,11830.96,14.95,-0.015,0.07863,0.42343,0.8,-0.0907,0.86,104.49396923267444,123.45549455636913,103.9982482097803
2006-08-31,62.826541,331.400362,93.835659,12073.75,12.31,-16.456,-0.03432,0.39935,-0.1,-0.3184,0.95,104.67313002745189,123.81680072532342,104.18228185154763
2006-09-29,62.267001,327.880665,93.671717,11761.27,11.98,-11.697,-0.06464,0.38609,-0.1,-0.5016,0.95,104.82156905826518,124.54799534395885,104.30733286406222
2006-09-30,62.267001,327.880665,93.671717,11761.27,11.98,-11.697,-0.06464,0.38609,0.1,-0.5016,0.94,104.82156905826518,124.54799534395885,104.30733286406222
2006-10-31,60.988053,312.995606,92.33672,12344.59,11.1,-33.116,-0.06261,-0.16954,-0.2,-0.3673,0.96,104.99385248607216,125.67461593053586,104.54494409621064
2006-11-30,59.340394,305.087627,88.06426,12752.38,10.91,-45.191,-0.22244,-0.34818,-0.9,-0.6148,0.9,105.19375831404514,126.67558507667044,104.81897116861457
2006-12-29,58.408981,271.691082,87.374343,12908.39,11.56,-17.741,-0.22293,-0.55409,-0.9,-0.5141,0.9,105.27502982319494,128.95436376808493,104.9875434753244
2006-12-31,58.408981,271.691082,87.374343,12908.39,11.56,-17.741,-0.22293,-0.55409,-0.8,-0.5141,0.99,105.27502982319494,128.95436376808493,104.9875434753244
2007-01-31,56.698911,257.0996,85.276224,13034.12,10.42,-19.507,-0.03749,-0.52499,-1.7,-0.1697,0.92,105.51592962118907,130.5023074494279,105.26944237868369
2007-02-28,54.480188,264.118944,84.284258,13045.02,15.42,-45.297,-0.2608,-0.3484,-1.7,-0.1746,0.99,105.67636981938992,130.2842739902561,105.36299677867456
2007-03-30,56.891901,271.406223,90.611886,13165.5,14.64,-18.683,-0.21258,-0.11663,-1.7,0.0808,0.99,105.4681463379026,130.2838871271648,104.9748074364254
2007-03-31,56.891901,271.406223,90.611886,13165.5,14.64,-18.683,-0.21258,-0.11663,-1.8,0.0808,0.98,105.4681463379026,130.2838871271648,104.9748074364254
2007-04-30,66.479939,260.655927,91.312358,13416.68,14.22,-3.159,-0.30421,-0.11746,-1.6,-0.0496,0.98,104.82172817777983,131.36126988739986,105.16251466540491
2007-05-31,67.994579,234.581094,90.146905,14056.78,13.05,28.553,-0.22838,-0.17773,-1.3,0.1379,0.97,104.89907268944066,133.44858324881378,105.35033213130511
2007-06-29,71.290654,285.062445,96.066288,13906.57,16.23,32.187,-0.12052,-0.18596,-1.3,-0.0962,0.97,104.60994640028451,130.9413274227018,105.01853054878111
2007-06-30,71.290654,285.062445,96.066288,13906.57,16.23,32.187,-0.12052,-0.18596,-1.2,-0.0962,0.94,104.60994640028451,130.9413274227018,105.01853054878111
2007-07-31,87.166604,412.021345,125.240062,13868.63,23.52,1.845,-0.17922,-0.19017,-1.1,-0.3741,0.94,103.736643706888,124.09331167737592,103.19501765428976
2007-08-31,96.768228,433.328386,149.052299,13660.48,23.38,77.036,-0.06661,-0.20761,-1.4,-0.1482,0.92,103.37445759978488,123.62275333535526,102.22532750574122
2007-09-28,111.09698,404.063893,145.094523,14098.89,18.0,108.706,-0.14807,-0.27596,-1.4,-0.2973,0.92,102.65693879002012,126.20819935039435,102.43488999164603
2007-09-30,111.09698,404.063893,145.094523,14098.89,18.0,108.706,-0.14807,-0.27596,-1.8,-0.2973,0.98,102.65693879002012,126.20819935039435,102.43488999164603
2007-10-31,103.573482,416.047246,142.664581,14625.0,18.53,86.899,-0.26875,-0.33151,-2.3,-0.2124,0.76,102.95196679734812,126.0081137595718,102.74482266886412
2007-11-30,138.982487,549.15357,194.284547,13689.12,22.87,126.439,-0.24061,-0.21929,-2.9,-0.4023,0.83,101.05117665462633,118.84747266061933,99.39465860793672
2007-12-31,135.777564,563.282518,196.866893,13833.06,22.5,121.116,-0.24114,0.18251,-4.1,-0.0675,0.46,101.34555722052092,118.93695667272527,99.49342773921202
2008-01-31,143.937498,664.655062,226.494707,13155.1,26.2,243.536,-0.22367,0.17806,-4.9,-0.0603,0.67,100.71706173396228,114.07774449055668,97.78855114364681
2008-02-29,155.842673,743.378306,248.450058,13582.69,26.54,256.676,-0.30758,0.51353,-6.1,-0.1509,0.53,100.14934419152436,110.77334162134011,96.70203316602075
2008-03-31,179.845902,778.953361,289.682643,13350.13,25.61,297.104,-0.31607,0.11463,-7.7,-0.2327,0.31,98.85552829673546,109.64530546442985,94.65184473080106
2008-04-30,167.559799,650.415171,246.635619,13937.04,20.79,312.453,-0.27527,0.26359,-8.0,-0.3391,0.24,99.54170156681943,116.81249761641965,97.53254559966533
2008-05-30,162.563765,627.09144,238.227161,14714.73,17.83,282.354,-0.20266,0.27335,-8.0,-0.0588,0.24,99.99590803134807,118.57509573952679,97.96251639698312
2008-05-31,162.563765,627.09144,238.227161,14714.73,17.83,282.354,-0.20266,0.27335,-8.8,-0.0588,0.13,99.99590803134807,118.57509573952679,97.96251639698312
2008-06-30,170.762337,712.87531,265.151292,14467.03,23.95,279.039,-0.10935,0.38233,-9.1,0.081,0.22,99.71053819787096,114.3770065247192,96.32745831939961
2008-07-31,177.038571,759.989309,290.049002,13592.91,22.94,294.593,0.0289,0.69329,-10.8,0.2874,0.09,99.57258763883796,112.14411145564549,95.18731935382777
2008-08-29,198.183125,793.024149,304.067991,13771.25,20.65,275.483,0.19238,1.18474,-10.8,0.3189,0.09,98.52189872236549,111.21352135113804,94.4179436416604
2008-08-31,198.183125,793.024149,304.067991,13771.25,20.65,275.483,0.19238,1.18474,-11.5,0.3189,0.02,98.52189872236549,111.21352135113804,94.4179436416604
2008-09-30,245.484891,1017.647187,440.517307,11752.9,39.39,363.635,0.01603,0.68758,-12.7,-0.1526,0.04,96.28779064004001,101.23446210805693,86.1183700435482
2008-10-31,301.754954,1477.287785,582.99744,9762.76,59.89,402.606,-0.31247,0.58383,-15.0,-0.4768,0.01,93.54503325984702,83.48618514065659,80.29147476714178
2008-11-28,326.541866,1828.183755,609.60698,9270.62,55.84,341.175,-0.59353,0.07348,-15.0,-0.6889,0.01,92.4963702410634,69.7092678675586,77.67883207609533
2008-11-30,326.541866,1828.183755,609.60698,9270.62,55.84,341.175,-0.59353,0.07348,-16.5,-0.6889,0.0,92.4963702410634,69.7092678675586,77.67883207609533
2008-12-31,386.832127,1653.188611,557.426475,8987.7,40.0,263.218,-0.74844,-0.60094,-18.1,-0.7569,0.0,89.41612810150379,73.359540596149,79.71150071362443
2009-01-30,355.432497,1490.041521,485.579635,8694.9,44.84,341.439,-0.77538,-0.48209,-18.1,-0.9236,0.0,90.76446161614608,78.87371683639242,82.71417874168617
2009-01-31,355.432497,1490.041521,485.579635,8694.9,44.84,341.439,-0.77538,-0.48209,-18.8,-0.9236,0.0,90.76446161614608,78.87371683639242,82.71417874168617
2009-02-27,344.754865,1540.791686,515.263916,8123.02,46.35,347.872,-0.97338,-0.25233,-18.8,-0.7799,0.0,90.9238038389068,76.77219634727021,81.55475981862136
2009-02-28,344.754865,1540.791686,515.263916,8123.02,46.35,347.872,-0.97338,-0.25233,-18.8,-0.7799,0.0,90.9238038389068,76.77219634727021,81.55475981862136
2009-03-31,331.819181,1487.739375,553.370066,8720.39,44.14,337.796,-0.6357,0.32935,-19.0,-0.2764,0.0,91.56677554453653,78.02692105693242,79.54326480867829
2009-04-30,288.975664,1221.052502,449.903225,9324.83,36.5,390.35,-0.53054,0.30468,-18.4,-0.1745,0.02,93.61702208813053,88.24824816570262,83.75699807285211
2009-05-29,233.660457,1076.664737,357.891549,10370.07,28.92,420.211,-0.34909,0.28969,-18.4,-0.1095,0.02,96.61019478652224,94.62928988852231,87.81701169347475
2009-05-31,233.660457,1076.664737,357.891549,10370.07,28.92,420.211,-0.34909,0.28969,-17.1,-0.1095,0.06,96.61019478652224,94.62928988852231,87.81701169347475
2009-06-30,200.528176,949.065124,307.596725,10374.91,26.35,414.269,-0.23377,0.43011,-16.2,0.2023,0.59,98.37789441276699,97.50557882576558,90.18953364110499
2009-07-31,157.617469,834.293746,247.764769,10787.15,25.92,411.868,-0.09072,0.68594,-13.8,0.3885,0.99,100.79665164510567,103.0276346142644,93.55399666322563
2009-08-31,150.867285,844.516982,233.766928,10868.21,26.01,404.72,0.10928,0.34753,-11.9,0.4537,0.96,101.39170793016964,104.34356172145516,94.3869109024474
2009-09-30,144.941406,747.960652,219.730164,11394.96,25.61,393.843,0.08538,0.5114,-9.4,0.2316,0.97,101.76243703305259,109.75964305120421,95.2559240889973
2009-10-30,126.13071,732.83846,206.541993,10910.75,30.69,417.647,0.11303,0.46981,-9.4,0.201,0.97,102.98496831458502,111.6291427189243,96.05537544021946
2009-10-31,126.13071,732.83846,206.541993,10910.75,30.69,417.647,0.11303,0.46981,-5.9,0.201,0.99,102.98496831458502,111.6291427189243,96.05537544021946
2009-11-30,130.921601,734.973019,207.473067,11447.2,24.51,414.087,0.20214,0.48699,-2.6,0.0749,0.98,103.01826419820617,111.75038256447674,96.2306554504837
2009-12-31,124.234007,621.900446,171.500576,11746.11,21.68,458.934,0.34377,0.269,1.3,0.1602,0.99,103.44388228548549,117.04298658268515,97.85343095027673
2010-01-29,111.274548,631.936822,172.381767,11094.31,24.62,441.537,0.26477,0.20646,1.3,-0.218,0.99,104.30824798703595,116.85986931888695,97.74443299207553
2010-01-31,111.274548,631.936822,172.381767,11094.31,24.62,441.537,0.26477,0.20646,4.0,-0.218,0.99,104.30824798703595,116.85986931888695,97.74443299207553
2010-02-26,108.69832,653.695179,172.755449,11629.63,19.5,443.792,0.03377,-0.12017,4.0,-0.0316,0.99,104.5503252914828,116.57944134561401,97.6940874018516
2010-02-28,108.69832,653.695179,172.755449,11629.63,19.5,443.792,0.03377,-0.12017,5.3,-0.0316,0.96,104.5503252914828,116.57944134561401,97.6940874018516
2010-03-31,104.342776,574.837461,151.785711,12037.73,17.59,455.87,0.04098,-0.16407,8.9,0.0187,0.99,105.04823586784282,121.14420677500854,98.97055311696575
2010-04-30,117.793997,545.172474,143.425964,12210.7,22.05,435.887,0.25902,-0.26115,9.1,0.0888,0.95,104.6765951008334,123.01033313050371,99.50340321132806
2010-05-31,144.546384,678.465183,186.412591,11762.99,32.07,404.798,0.30189,-0.31398,8.9,0.2032,0.99,103.10998922556087,116.9143153753855,96.88793658898237
2010-06-30,141.475181,697.541393,193.60788,11294.42,34.54,371.389,-0.02366,0.13433,8.4,-0.0026,0.97,103.48310406789287,116.5731514555151,96.78032814950066
2010-07-30,127.819654,646.221165,175.314164,11713.43,23.5,384.395,-0.17321,0.10737,8.4,-0.1727,0.97,104.19865022819333,119.95527007214328,98.07855255352092
2010-07-31,127.819654,646.221165,175.314164,11713.43,23.5,384.395,-0.17321,0.10737,7.8,-0.1727,0.92,104.19865022819333,119.95527007214328,98.07855255352092
2010-08-31,141.160033,682.50439,185.181955,11913.86,26.05,337.935,-0.43943,0.16557,7.2,-0.2852,0.89,103.64588439549614,118.24322027461547,97.3864782919192
2010-09-30,123.241336,620.63504,174.8784,12368.65,23.7,352.754,-0.2632,0.16265,6.7,-0.3168,0.93,104.60066936011351,121.76709784530297,98.2311500864163
2010-10-29,126.386382,572.671937,168.465888,12676.24,21.2,386.808,-0.1518,0.10345,6.7,-0.1417,0.93,104.55641503283297,124.90194793718699,98.82374557157964
2010-10-31,126.386382,572.671937,168.465888,12676.24,21.2,386.808,-0.1518,0.10345,6.3,-0.1417,0.93,104.55641503283297,124.90194793718699,98.82374557157964
2010-11-30,128.880327,609.533612,170.915754,12952.88,23.54,394.597,-0.1005,-0.29599,6.3,-0.1359,0.98,104.59768190079313,124.09644522879641,98.81407960967036
2010-12-31,124.665945,530.271071,155.613718,13443.22,17.75,421.034,0.01539,-0.42798,6.4,0.0334,1.0,105.06266628942167,128.44666735249527,100.09458275734553
2011-01-31,116.796347,488.097239,148.986874,13551.99,19.53,442.204,0.17763,-0.43408,5.8,0.4455,0.95,105.6269000855957,131.0106272445853,100.49362382474926
2011-02-28,108.438148,460.33163,138.94262,14136.5,18.35,436.162,0.19301,-0.2332,6.7,0.4149,0.97,106.13940417676879,132.8922219231652,101.18100135102715
2011-03-31,120.459435,466.555756,141.768374,14116.1,17.74,441.471,-0.11481,-0.05983,5.9,0.2163,0.97,105.57305126661572,133.41260561341042,101.11629821084114
2011-04-29,115.285858,461.402385,137.259662,13944.79,14.75,435.714,-0.16764,-0.05144,5.9,0.3369,0.97,105.94346755727236,134.1392374018902,101.5585160774631
2011-04-30,115.285858,461.402385,137.259662,13944.79,14.75,435.714,-0.16764,-0.05144,5.8,0.3369,0.77,105.94346755727236,134.1392374018902,101.5585160774631
2011-05-31,116.410478,493.404853,146.895599,13802.88,15.45,417.652,-0.46872,0.01987,6.1,0.0168,0.96,105.96832433348975,133.11289201321011,101.18785582805438
2011-06-30,121.199817,522.312611,154.138014,13300.87,16.52,435.618,-0.46072,0.37434,6.0,-0.225,0.91,105.83597794339164,132.04788931552366,100.81862192644995
2011-07-29,121.242582,536.887862,152.491172,12945.63,25.25,402.568,-0.46319,0.39584,6.0,-0.358,0.91,105.87445504366681,131.48735319706404,101.17198983574151
2011-07-31,121.242582,536.887862,152.491172,12945.63,25.25,402.568,-0.46319,0.39584,6.4,-0.358,0.84,105.87445504366681,131.48735319706404,101.17198983574151
2011-08-31,155.547132,706.485756,208.358427,12768.7,31.62,358.939,-0.52437,0.59904,5.2,0.0108,0.58,104.05864542529343,123.34419413758442,97.68107615330892
2011-09-30,162.726095,802.1984,238.484763,11623.84,42.96,289.155,-0.28903,0.70096,4.2,-0.0364,0.62,103.88571437783438,118.24330723901537,95.59660346454973
2011-10-31,159.993113,667.274376,200.868461,12252.06,29.96,314.45,-0.1606,0.45394,4.8,-0.0296,0.72,104.19464064179178,126.25837542841107,98.54301462813228
2011-11-30,168.869084,732.712496,244.500544,12204.11,27.8,305.36,0.04561,0.0967,4.0,0.3626,0.8,103.74556813539091,122.76786807030717,95.4194640795524
2011-12-30,165.352616,695.960948,234.528009,11955.09,23.4,288.215,0.12468,-0.07954,4.0,0.3074,0.8,104.22619516298515,125.36512647644167,96.41874533421459
2011-12-31,165.352616,695.960948,234.528009,11955.09,23.4,288.215,0.12468,-0.07954,3.3,0.3074,0.89,104.22619516298515,125.36512647644167,96.41874533421459
2012-01-31,154.238258,643.374794,204.93635,12452.15,19.44,288.523,0.19327,-0.08473,3.6,0.4297,0.98,104.97141037387658,128.58071062928076,98.12602820109771
2012-02-29,144.581133,577.529807,181.484713,12644.01,18.43,300.64,0.27273,0.04549,3.7,0.5664,0.95,105.57330935510917,132.2340096285149,99.7670578913119
2012-03-30,132.677261,578.5253,176.253727,12392.18,15.5,326.84,0.24773,0.13015,3.7,0.4565,0.95,106.35314746577183,132.77038557579564,100.06010241981873
2012-03-31,132.677261,578.5253,176.253727,12392.18,15.5,326.84,0.24773,0.13015,3.0,0.4565,0.94,106.35314746577183,132.77038557579564,100.06010241981873
2012-04-30,138.754776,579.202127,184.945187,12292.69,17.15,301.785,0.11733,0.04146,2.6,0.1632,0.96,106.05461341722844,132.78590953940724,99.65628143060998
2012-05-31,159.387874,652.740118,208.58866,11513.21,24.06,257.434,0.01022,0.08868,2.1,0.1446,0.88,105.29872127490452,129.8393288603562,98.14383577917351
2012-06-29,159.795161,617.643877,199.055593,11596.56,17.08,267.034,-0.10125,0.06002,2.1,-0.1807,0.88,105.40275569386841,132.87535504984564,98.95119139391738
2012-06-30,159.795161,617.643877,199.055593,11596.56,17.08,267.034,-0.10125,0.06002,1.7,-0.1807,0.84,105.40275569386841,132.87535504984564,98.95119139391738
2012-07-31,150.624035,594.365554,178.274127,11664.71,18.93,244.815,-0.21335,0.08444,1.3,-0.1355,0.78,106.13456637379993,134.60182966467485,100.61431833218725
2012-08-31,140.542115,574.018007,171.598549,11949.26,17.47,259.877,-0.10965,-0.16965,1.6,0.0654,0.67,106.89904988139114,136.18464211281832,101.04256797471389
2012-09-28,131.550558,551.899752,155.647742,12317.46,15.73,272.999,-0.21458,-0.37773,1.6,-0.2024,0.67,107.49686215351137,138.22023202730298,102.23833589897467
2012-09-30,131.550558,551.899752,155.647742,12317.46,15.73,272.999,-0.21458,-0.37773,2.6,-0.2024,0.89,107.49686215351137,138.22023202730298,102.23833589897467
2012-10-31,128.677478,539.874322,137.235473,12422.91,18.6,274.633,-0.02874,-0.17655,2.2,0.2766,0.97,107.80398548279817,139.6714888190246,103.77156364678046
2012-11-30,125.135511,544.821409,149.211678,12239.36,15.87,272.773,0.06441,-0.25548,2.2,0.1441,0.94,108.1271690264976,140.23976016178347,102.89754893244975
2012-12-31,122.195856,508.694944,141.426801,12433.53,18.02,290.43,0.21996,-0.50811,1.7,0.4263,0.91,108.524304182451,142.8360894822283,103.49354501554649
2013-01-31,116.087306,475.814688,137.026518,12685.2,14.28,309.583,0.09791,-0.52949,2.1,0.4133,0.85,109.10222648902774,145.5144518469364,103.8507705800703
2013-02-28,113.401364,470.411408,136.783352,12821.83,15.51,297.913,0.22835,-0.31666,1.6,0.419,0.98,109.41384317605723,145.57137774203866,103.90255150544793
2013-03-29,106.858397,457.775783,138.448356,12749.9,12.7,302.626,0.31557,-0.22848,1.6,0.3251,0.98,109.79967746423101,146.84927367183946,103.77884360121996
2013-03-31,106.858397,457.775783,138.448356,12749.9,12.7,302.626,0.31557,-0.22848,0.9,0.3251,0.9,109.79967746423101,146.84927367183946,103.77884360121996
2013-04-30,111.704322,430.062334,134.44071,12456.5,13.52,282.551,0.06238,-0.45228,1.8,0.1472,0.91,109.76092343520745,148.69549726135932,104.29295606556828
2013-05-31,106.975632,440.373923,133.040301,12650.42,16.3,324.868,0.05632,-0.56366,1.9,-0.0707,0.96,110.23445838407714,149.51721185873714,104.4408938785553
2013-06-28,114.989092,491.803271,151.800796,12129.11,16.86,346.392,0.11862,-0.57038,1.9,0.0546,0.96,109.8039511513297,146.9918583698042,103.21292433810775
2013-06-30,114.989092,491.803271,151.800796,12129.11,16.86,346.392,0.11862,-0.57038,2.3,0.0546,0.94,109.8039511513297,146.9918583698042,103.21292433810775
2013-07-31,111.53024,446.783236,138.204653,12486.64,13.45,359.47,-0.03348,-0.45816,2.6,0.0683,0.95,110.13962659135339,149.70650110124075,104.37956774352092
2013-08-30,115.587012,450.883757,139.896215,12653.9,17.01,367.416,-0.10343,-0.57876,2.6,-0.152,0.95,110.04227486428653,149.50432090166134,104.26731140004892
2013-08-31,115.587012,450.883757,139.896215,12653.9,17.01,367.416,-0.10343,-0.57876,3.5,-0.152,1.0,110.04227486428653,149.50432090166134,104.26731140004892
2013-09-30,117.836573,459.530188,141.041395,12787.19,16.6,367.451,-0.04831,-0.7568,3.9,-0.0809,0.86,110.00351649429079,149.8158935487316,104.12922410267646
2013-10-31,117.673175,414.167999,130.953237,13361.26,13.75,359.804,-0.11406,-0.70681,3.8,-0.1961,0.89,110.31912579047116,152.90875196150816,104.96519735228136
2013-11-29,111.239846,403.541339,125.158371,13395.4,13.7,374.974,-0.0456,-0.72949,3.8,-0.0769,0.89,110.6986797771619,153.96738735214927,105.43282362101505
2013-11-30,111.239846,403.541339,125.158371,13395.4,13.7,374.974,-0.0456,-0.72949,4.8,-0.0769,0.98,110.6986797771619,153.96738735214927,105.43282362101505
2013-12-31,110.518207,380.385041,113.731665,13621.55,13.72,389.693,0.23068,-0.71223,4.7,0.1404,0.97,110.98226355117802,156.0244655769628,106.45813934616133
2014-01-31,108.817063,403.72467,115.798406,13694.94,18.41,357.317,0.06121,-0.67187,4.3,-0.146,0.85,111.20074323520488,155.40251149081197,106.19724983613546
2014-02-28,104.483633,363.155684,108.967519,14209.59,14.0,353.234,-0.12268,-0.45029,4.7,-0.2882,0.99,111.58942864808171,158.19789418367316,106.88727955793547
2014-03-31,99.951974,356.399509,105.512835,14335.31,13.88,352.277,-0.11187,-0.36914,5.8,-0.0382,0.99,111.89583846969751,159.13711777959614,107.20180161398257
2014-04-30,99.281987,339.807733,101.657657,14651.87,13.41,342.886,-0.01859,-0.14292,5.3,0.0843,0.98,112.02822477259716,159.5074262461965,107.66037004921616
2014-05-30,98.833178,351.274262,101.183363,14604.16,11.4,329.224,-0.05066,0.14006,5.3,0.0458,0.98,112.222220659462,159.7758866224022,107.70911616664134
2014-05-31,98.833178,351.274262,101.183363,14604.16,11.4,329.224,-0.05066,0.14006,5.5,0.0458,0.99,112.222220659462,159.7758866224022,107.70911616664134
2014-06-30,98.819299,337.422193,99.302238,15146.01,11.57,333.452,-0.05941,-0.05513,6.3,0.2242,0.99,112.35427845486154,161.36519083488554,108.00113403661204
2014-07-31,98.090817,386.148455,98.58754,15330.74,16.95,329.14,-0.16371,-0.15404,6.5,0.1974,0.98,112.46336625117391,159.52820714476672,108.06116791055211
2014-08-29,101.150944,363.268461,101.505199,15625.73,11.98,305.386,0.10684,-0.24959,6.5,0.0485,0.98,112.39299683714665,160.79701682177443,107.9463677114068
2014-08-31,101.150944,363.268461,101.505199,15625.73,11.98,305.386,0.10684,-0.24959,6.1,0.0485,0.98,112.39299683714665,160.79701682177443,107.9463677114068
2014-09-30,102.679734,425.601715,111.301464,14960.51,16.31,317.557,0.02779,-0.40156,6.0,0.1893,0.99,112.36813237082063,158.00584522923916,107.18288932552768
2014-10-31,113.038745,415.668933,117.422057,14613.32,14.03,305.603,0.0238,-0.42331,5.9,-0.0724,0.98,111.99993206415006,158.5803288717382,106.90607154869282
2014-11-28,112.251228,448.548569,123.709613,14744.7,13.33,287.357,0.0263,-0.12204,5.9,-0.1951,0.98,112.1917094155665,156.37805914256592,106.37960304760286
2014-11-30,112.251228,448.548569,123.709613,14744.7,13.33,287.357,0.0263,-0.12204,5.4,-0.1951,0.98,112.1917094155665,156.37805914256592,106.37960304760286
2014-12-31,118.677715,482.452712,130.725337,14632.44,19.2,270.612,0.02221,-0.27762,5.9,-0.1036,1.0,111.94942070654004,154.28149598882203,105.94640678071966
2015-01-30,124.185885,508.429847,136.090891,14673.48,20.97,221.78,-0.11807,-0.33196,5.9,-0.33,1.0,111.71483181494368,152.3201862998043,105.58959835303541
2015-01-31,124.185885,508.429847,136.090891,14673.48,20.97,221.78,-0.11807,-0.33196,5.7,-0.33,1.0,111.71483181494368,152.3201862998043,105.58959835303541
2015-02-27,121.366096,428.043244,123.141262,15234.34,13.34,257.513,-0.41677,-0.30469,5.7,-0.3914,1.0,112.17132908725293,157.68720447143673,106.69752972355258
2015-02-28,121.366096,428.043244,123.141262,15234.34,13.34,257.513,-0.41677,-0.30469,5.2,-0.3914,0.94,112.17132908725293,157.68720447143673,106.69752972355258
2015-03-31,120.825209,464.016475,129.797476,14902.44,15.29,251.054,-0.62374,-0.49445,4.7,-0.618,0.99,112.32410870067957,155.9607683034675,106.23413709171878
2015-04-30,118.465438,438.973958,127.747777,15224.52,14.55,273.53,-0.67191,-0.46356,4.9,-0.6118,0.98,112.62841521351513,158.1546079776097,106.32838383679872
2015-05-29,118.495639,430.751846,132.688442,15014.09,13.84,287.599,-0.68693,-0.57714,4.9,-0.5347,0.98,112.65690858007335,158.62894952265722,105.9349232496887
2015-05-31,118.495639,430.751846,132.688442,15014.09,13.84,287.599,-0.68693,-0.57714,4.6,-0.5347,0.94,112.65690858007335,158.62894952265722,105.9349232496887
2015-06-30,125.993882,468.205357,144.433028,14553.33,18.23,311.339,-0.37477,-0.78935,4.5,-0.1937,0.98,112.23979399447444,157.0423371316877,105.28485516803543
2015-07-31,136.341233,510.727792,153.004478,14468.44,12.12,284.005,-0.34215,-0.80584,3.5,-0.2929,1.0,111.85780801759904,155.2399697826526,104.73474646171567
2015-08-31,146.87303,546.325845,163.285496,13859.12,28.43,295.682,-0.29527,-0.71548,3.4,-0.1443,0.96,111.19500923331755,152.4404055271087,104.09851286185985
2015-09-30,151.862495,630.1606,168.640407,13306.96,24.5,286.399,-0.33798,-0.64192,2.6,-0.1307,0.95,111.16898994895695,147.09627347259126,103.73543346635824
2015-10-30,153.121484,560.199705,159.278598,13529.17,15.07,284.675,-0.39862,-0.81814,2.6,-0.2499,0.95,111.23230630232015,151.8206536720917,104.64882074742432
2015-10-31,153.121484,560.199705,159.278598,13529.17,15.07,284.675,-0.39862,-0.81814,2.7,-0.2499,0.96,111.23230630232015,151.8206536720917,104.64882074742432
2015-11-30,147.092528,607.912844,155.576002,13469.83,16.13,279.935,-0.34703,-1.06822,2.6,-0.2842,0.85,111.71499861958051,148.90570074288283,104.89018785135215
2015-12-31,158.013185,662.651656,165.197764,13009.95,18.21,284.802,-0.45123,-0.80806,1.8,-0.2282,0.97,111.18313028028636,145.3753898956627,104.23701659944429
2016-01-29,176.089816,731.342088,193.982004,12822.13,20.2,242.843,-0.483,-0.77484,1.8,-0.2861,0.97,110.13887497223655,140.44865718345397,102.0007281537618
2016-01-31,176.089816,731.342088,193.982004,12822.13,20.2,242.843,-0.483,-0.77484,1.4,-0.2861,0.98,110.13887497223655,140.44865718345397,102.0007281537618
2016-02-29,184.628128,722.144239,202.184681,12860.35,20.55,229.508,-0.50829,-0.21358,0.9,-0.0298,0.97,109.83007716985868,140.38976997426892,101.64844456298165
2016-03-31,162.681068,652.485982,164.480998,13494.36,13.95,240.77,-0.31475,-0.18282,0.7,-0.1237,0.96,111.74770376204273,146.50164647752408,104.40310577695354
2016-04-29,141.023686,577.553214,146.018896,13951.45,15.7,245.858,-0.558,-0.48096,0.7,-0.4073,0.96,113.2978267472296,152.42740468411137,106.02405184254451
2016-04-30,141.023686,577.553214,146.018896,13951.45,15.7,245.858,-0.558,-0.48096,0.6,-0.4073,0.97,113.2978267472296,152.42740468411137,106.02405184254451
2016-05-31,148.242485,571.127785,147.705016,14065.78,14.19,235.8,-0.37684,-0.30054,0.2,0.1206,0.99,112.90450197005615,153.55045137736388,105.85563088297394
2016-06-30,154.620688,594.348725,155.241354,14064.54,15.63,202.096,-0.41045,-0.2867,-0.2,-0.1478,0.99,112.7381197510856,152.69008638362166,105.48296791307843
2016-07-29,148.52607,536.1385,144.70489,14582.74,11.87,192.396,-0.33681,-0.22797,-0.2,0.0166,0.99,113.4746901998917,156.82436766923183,106.53852718878318
2016-07-31,148.52607,536.1385,144.70489,14582.74,11.87,192.396,-0.33681,-0.22797,0.5,0.0166,0.98,113.4746901998917,156.82436766923183,106.53852718878318
2016-08-31,143.791088,491.175009,135.450334,14597.95,13.42,189.716,-0.27818,-0.44609,0.5,0.0092,0.96,113.96196805764589,160.89467506076457,107.45815305588093
2016-09-30,143.292239,482.202228,138.314442,14725.86,13.29,203.642,-0.33837,-0.28079,0.8,-0.1386,0.99,114.19933292248128,161.81106772977256,107.41888384461743
2016-10-31,139.511698,477.410868,132.354229,14787.27,17.06,227.541,-0.29424,-0.22075,0.3,-0.0738,0.97,114.62355660339097,163.25577201070817,108.01168496986928
2016-11-30,129.564418,451.062768,128.276805,15082.85,13.33,255.152,-0.06723,-0.55377,0.2,0.1761,0.99,115.34528410430458,165.09657044021523,108.48183456716924
2016-12-30,123.766482,409.30205,122.250057,15287.59,14.04,256.342,-0.04056,-0.62064,0.2,-0.0213,0.99,115.95152346413349,168.23804829813434,109.37988441420107
2016-12-31,123.766482,409.30205,122.250057,15287.59,14.04,256.342,-0.04056,-0.62064,0.9,-0.0213,1.0,115.95152346413349,168.23804829813434,109.37988441420107
2017-01-31,116.882166,387.938453,120.553435,15385.96,11.99,254.43,0.01292,-0.47415,2.0,-0.0474,0.99,116.52384163170868,170.32961736218638,109.43803076075567
2017-02-28,111.412262,363.652118,114.596205,15399.24,12.92,238.514,0.18367,-0.17526,2.7,0.0071,0.99,116.9885301166588,172.2549806935638,109.96365470150928
2017-03-31,110.212874,382.038809,118.186137,15547.75,12.37,225.274,0.21744,-0.04891,3.2,0.075,1.0,117.16479150602233,171.83115540229113,109.79278035227856
2017-04-28,106.711197,368.770117,115.287545,15586.13,10.82,214.826,0.16967,-0.31776,3.2,-0.0051,1.0,117.77614823251746,172.9238362902803,110.04698904784678
2017-04-30,106.711197,368.770117,115.287545,15586.13,10.82,214.826,0.16967,-0.31776,3.1,-0.0051,1.0,117.77614823251746,172.9238362902803,110.04698904784678
2017-05-31,114.781655,361.756418,112.565272,15349.91,10.41,188.691,0.13971,-0.16872,3.5,-0.0798,0.99,117.2810479819932,173.78044386651698,110.46452925581647
2017-06-30,109.350333,362.087075,108.286217,15182.19,11.18,181.841,-0.00055,-0.49136,3.9,-0.5551,0.99,117.84524026680403,174.3847650302868,111.03349606956805
2017-07-31,104.340352,350.650949,101.596384,15143.87,10.26,182.248,-0.01809,-0.61078,3.8,-0.6405,0.99,118.25073897757142,175.87416133044582,111.71566996988946
2017-08-31,109.291041,374.898296,109.980913,15211.87,10.59,172.887,0.04019,-0.70493,4.3,-0.6792,0.99,118.04027536733163,174.72375796808558,111.0395360267854
2017-09-29,106.422398,347.731919,100.873546,15634.94,9.51,180.172,0.02301,-0.72356,4.3,-0.7492,0.99,118.26894684530096,177.23259440428768,112.02669932781315
2017-09-30,106.422398,347.731919,100.873546,15634.94,9.51,180.172,0.02301,-0.72356,4.4,-0.7492,1.0,118.26894684530096,177.23259440428768,112.02669932781315
2017-10-31,101.872602,336.634891,94.873523,16025.59,10.18,174.566,0.28833,-0.57108,5.8,-0.2763,1.0,118.82669802298335,178.1460512994248,112.62602234088621
2017-11-30,100.825606,344.429185,96.99653,16067.48,11.28,156.317,0.46218,-0.36964,6.1,0.2701,1.0,119.06955964839423,178.0850919250045,112.58430485297065
2017-12-29,96.823665,341.689786,93.063802,16209.13,11.04,135.142,0.62627,-0.40449,6.1,0.5865,1.0,119.43941602036394,178.49999891733682,113.1675315222533
2017-12-31,96.823665,341.689786,93.063802,16209.13,11.04,135.142,0.62627,-0.40449,6.2,0.5865,1.0,119.43941602036394,178.49999891733682,113.1675315222533
2018-01-31,88.53168,319.487632,85.905907,15951.67,13.54,147.207,0.51044,-0.40037,6.3,0.7116,0.99,120.17695202550136,181.16615522616567,113.98569316652316
2018-02-28,96.410381,334.221379,95.2225,15442.68,19.85,146.474,0.47358,-0.04044,6.7,0.2993,1.0,119.71108097210225,180.22858041185236,113.28379984413925
2018-03-30,103.602673,351.795844,108.347177,15367.29,19.97,126.089,0.50899,0.0992,6.7,0.2195,1.0,119.23267952956844,178.20236623414206,112.27775406901021
2018-03-31,103.602673,351.795844,108.347177,15367.29,19.97,126.089,0.50899,0.0992,6.5,0.2195,1.0,119.23267952956844,178.20236623414206,112.27775406901021
2018-04-30,101.65487,335.880846,107.143049,15607.88,15.93,131.641,0.47202,0.20874,6.8,0.1573,1.0,119.66498094070089,180.34180117616566,112.33229742417798
2018-05-31,107.970374,360.514665,114.241484,16061.5,15.43,112.046,0.41285,0.03998,7.0,-0.0088,1.0,119.47152611296686,179.1899388981521,111.83556325634014
2018-06-29,108.024602,361.128419,122.495289,16277.73,16.09,106.653,0.40951,0.18036,7.0,-0.0487,1.0,119.4867176122905,179.9041048988204,111.17383648591945
2018-06-30,108.024602,361.128419,122.495289,16277.73,16.09,106.653,0.40951,0.18036,7.1,-0.0487,1.0,119.4867176122905,179.9041048988204,111.17383648591945
2018-07-31,106.852003,335.972807,108.581336,16434.01,12.83,105.677,0.39997,0.1292,7.3,-0.0522,0.99,119.77467410037399,182.19285330493835,112.64215917888842
2018-08-31,111.036213,336.180366,113.018334,16262.88,12.86,91.756,0.28789,0.06596,7.1,-0.2682,1.0,119.93760499094985,182.46652057827845,112.165290439534
2018-09-28,110.553296,314.686094,105.123784,16073.14,12.12,100.165,0.26241,-0.28809,7.1,-0.3457,1.0,120.06230690764008,184.33784138192823,113.03839944705918
2018-09-30,110.553296,314.686094,105.123784,16073.14,12.12,100.165,0.26241,-0.28809,7.3,-0.3457,1.0,120.06230690764008,184.33784138192823,113.03839944705918
2018-10-31,116.215608,369.582463,117.463758,15027.28,21.23,105.982,0.2341,-0.32626,6.2,-0.3733,1.0,119.71884931172023,181.42486241459645,112.13331495350238
2018-11-30,132.883313,416.666022,137.096146,15197.82,18.07,94.25,0.19103,-0.20436,5.7,-0.3494,0.99,118.66626915334007,178.64458213145983,110.81601772637579
2018-12-31,148.281999,526.902688,152.920367,14322.86,25.42,64.68,0.09046,-0.15667,4.8,-0.1895,0.98,117.67850159966919,172.10912954109955,109.6064854128166
2019-01-31,131.563,421.3804,126.7332,15540.6,16.57,59.892,0.07936,-0.23402,3.8,-0.0359,0.95,119.06652776353242,179.13003922175625,111.61110253795839
2019-02-28,125.7112,377.4613,119.7597,15999.01,14.78,63.906,-0.07719,-0.30676,3.3,-0.4812,0.95,119.54353992333671,182.26570750050462,112.26998000372043
2019-03-29,126.2802,387.3935,118.4511,16102.09,13.71,41.8,-0.01449,-0.5312,3.3,-0.514,0.95,119.63067261627616,181.96969528751563,112.59671912886576
2019-03-31,126.2802,387.3935,118.4511,16102.09,13.71,41.8,-0.01449,-0.5312,3.0,-0.514,1.0,119.63067261627616,181.96969528751563,112.59671912886576
2019-04-30,116.0005,353.8221,110.1635,16580.73,13.12,50.353,0.00217,-0.62925,2.6,-0.2407,0.98,120.40921828465434,184.5027733608234,113.677222054195
2019-05-31,122.5414,436.1556,127.8173,16037.49,18.71,22.355,-0.10579,-0.84909,2.2,-0.2885,0.99,120.12610381515083,179.98595685496844,112.18043588939759
2019-06-28,111.5178,378.7076,113.8288,16382.2,15.08,42.946,-0.28428,-0.81741,2.2,-0.342,0.99,121.17069468637551,182.8891969175454,113.8931599832365
2019-06-30,111.5178,378.7076,113.8288,16382.2,15.08,42.946,-0.28428,-0.81741,1.4,-0.342,0.98,121.17069468637551,182.8891969175454,113.8931599832365
2019-07-31,108.5352,369.2043,107.3747,16406.56,16.12,45.556,-0.3373,-0.74778,1.2,-0.1178,0.99,121.75669361365131,184.1198460374161,114.64419238980396
2019-08-30,122.291,392.8767,119.9501,16442.07,18.98,-2.672,-0.34941,-0.64326,1.2,-0.0975,0.99,120.81578573983103,182.1287946879547,113.5840477730753
2019-08-31,122.291,392.8767,119.9501,16442.07,18.98,-2.672,-0.34941,-0.64326,0.7,-0.0975,0.97,120.81578573983103,182.1287946879547,113.5840477730753
2019-09-30,117.8161,372.9104,114.5108,16658.63,16.24,28.612,-0.16074,-0.54897,-0.2,0.332,0.92,121.3701220894664,183.3664090642979,114.06561592344988
2019-10-31,117.9762,387.3924,109.6971,16483.16,13.22,63.208,-0.22381,-0.85789,-0.5,0.2989,0.84,121.48716630394244,183.40356054100064,114.81387967019583
2019-11-29,111.3622,371.341,103.8994,17040.2,12.62,62.285,-0.22262,-0.84249,-0.5,0.1231,0.84,122.28758487541297,184.29698591681372,115.57689864200805
2019-11-30,111.3622,371.341,103.8994,17040.2,12.62,62.285,-0.22262,-0.84249,-0.7,0.1231,0.92,122.28758487541297,184.29698591681372,115.57689864200805
2019-12-31,103.0422,337.6567,92.8434,17063.43,13.78,83.651,-0.16328,-0.80262,-0.8,0.0574,0.67,123.05148074712704,188.18275913593237,117.01317325833875
2020-01-31,103.4899,386.9097,101.0942,17318.49,18.84,44.35,-0.13686,-0.77207,-0.4,-0.0659,1.0,123.05049387425144,186.0857690232598,116.08101472660604
2020-02-28,115.7376,503.9221,123.286,16263.05,40.11,37.496,0.11756,-0.60341,-0.4,0.1944,1.0,122.06307465008497,180.96352464730407,113.93846959042561
2020-02-29,115.7376,503.9221,123.286,16263.05,40.11,37.496,0.11756,-0.60341,-0.7,0.1944,0.99,122.06307465008497,180.96352464730407,113.93846959042561
2020-03-31,249.6566,867.2563,284.8594,13378.75,53.54,119.939,-0.13505,-0.60954,-5.6,0.2716,0.08,112.93654689698418,156.14425673655606,101.22136324779956
2020-04-30,192.6773,741.674,202.2298,14780.74,34.15,116.275,-0.74779,-0.77246,-10.9,0.1476,0.0,116.68493248989952,162.94982223856894,106.24032737914821
2020-05-29,188.4904,641.0547,173.4947,15192.83,27.51,125.384,-0.09782,-0.17549,-10.9,0.0434,0.0,117.2177970831565,170.25314995677232,108.41799401928212
2020-05-31,188.4904,641.0547,173.4947,15192.83,27.51,125.384,-0.09782,-0.17549,-9.2,0.0434,0.99,117.2177970831565,170.25314995677232,108.41799401928212
2020-06-30,158.9714,629.3202,149.4712,15515.22,30.43,126.108,0.67824,-0.34112,-7.3,0.3385,1.0,119.79474611502205,171.8593970701702,110.69423840722754
2020-07-31,137.7762,487.3467,131.6187,16169.21,24.46,109.362,1.30457,-0.5564,-5.8,0.3977,1.0,121.53478511088218,179.4853810653604,112.78159662050416
2020-08-31,130.1023,482.2354,128.9613,16514.44,26.41,136.564,1.79882,0.22289,-4.8,0.5406,1.0,122.172602773098,181.80179039335792,112.90812647514359
2020-09-30,135.2458,539.5037,139.7737,16121.38,26.37,135.349,1.91912,0.65574,-4.0,0.4866,1.0,121.56241509036916,179.74256103313354,112.40611187870373
2020-10-30,136.2435,503.692,125.0298,15580.64,38.02,156.758,2.03835,0.96352,-4.0,0.4259,1.0,121.51709523001,181.40283918033455,113.69135766074345
2020-10-31,136.2435,503.692,125.0298,15580.64,38.02,156.758,2.03835,0.96352,-3.2,0.4259,1.0,121.51709523001,181.40283918033455,113.69135766074345
2020-11-30,117.012,413.9627,104.3097,17190.25,20.57,148.595,1.94034,0.96847,-2.4,0.2606,1.0,123.51439918718296,188.6672657585693,116.57684283657572
2020-12-31,111.4458,374.8895,99.4406,17433.36,22.75,155.737,1.70958,1.02592,-1.4,-0.1202,1.0,124.41602568845771,192.42077036326015,117.58344631926711
2021-01-29,104.187,360.8526,96.0424,17337.03,33.09,177.333,1.65841,1.49999,-1.4,0.0418,1.0,125.05552281633612,193.62213404936156,117.61864845142618
2021-01-31,104.187,360.8526,96.0424,17337.03,33.09,177.333,1.65841,1.49999,-1.0,0.0418,1.0,125.05552281633612,193.62213404936156,117.61864845142618
2021-02-26,101.324,324.8435,89.3321,18060.26,27.95,210.816,2.04364,2.14802,-1.0,0.2859,1.0,125.60313746508334,195.82895591104977,118.37767193827187
2021-02-28,101.324,324.8435,89.3321,18060.26,27.95,210.816,2.04364,2.14802,-0.9,0.2859,0.99,125.60313746508334,195.82895591104977,118.37767193827187
2021-03-31,107.4379,308.1801,90.1481,18700.67,19.4,239.029,1.39351,1.70547,5.1,-0.0475,1.0,125.25816292985566,197.42156490111535,118.69722729449927
2021-04-30,107.3294,289.8321,87.8353,19108.33,18.61,227.61,1.62688,2.10898,12.4,0.118,1.0,125.3637908915049,198.79698856767192,118.85529824888967
2021-05-31,105.5987,293.5986,83.1463,19730.99,16.76,226.469,1.20069,3.27543,11.0,-0.1179,1.0,125.56920797071784,198.9646813448358,119.3908414618265
2021-06-30,105.8741,267.1171,80.1613,20165.58,15.83,204.008,1.14626,3.32109,9.7,-0.1729,1.0,125.8215124733717,201.36353143851576,119.98049069758711
2021-07-30,107.4455,292.7866,85.3678,20287.8,18.24,184.657,0.93622,3.6385,9.7,-0.2276,1.0,125.82180733935257,200.75095991606435,119.59386104024135
2021-07-31,107.4455,292.7866,85.3678,20287.8,18.24,184.657,0.93622,3.6385,8.8,-0.2276,1.0,125.82180733935257,200.75095991606435,119.59386104024135
2021-08-31,107.2971,284.2769,86.4446,20582.94,16.48,188.678,0.77799,3.5485,8.5,-0.1116,0.93,125.89517546970109,202.06788574422282,119.52581549985639
2021-09-30,104.2944,287.3068,83.8977,20070.25,23.14,200.43,0.80442,2.9762,8.0,0.0458,0.93,126.20002956912498,203.07793123097514,119.80533369261208
2021-10-29,102.0479,285.4079,86.8281,21037.07,16.26,187.194,0.66688,2.64753,8.0,0.0248,0.93,126.68646139307967,203.3262406140904,119.81188309057207
2021-10-31,102.0479,285.4079,86.8281,21037.07,16.26,187.194,0.66688,2.64753,8.1,0.0248,1.0,126.68646139307967,203.3262406140904,119.81188309057207
2021-11-30,109.9833,332.8152,98.4973,20659.99,27.19,173.603,0.87025,2.70081,8.1,0.1903,1.0,126.33799823249167,200.9131244444957,118.79463459726463
2021-12-31,110.1488,282.913,92.1748,21222.84,17.22,184.557,0.85235,2.76066,8.0,0.1144,1.0,126.59028656106221,205.1778017800801,119.48148301309062
2022-01-31,119.8849,339.3245,105.2544,21098.29,24.83,191.478,0.53612,2.5923,6.3,0.0555,0.83,125.97423746331853,201.9323485541952,118.10349948505616
2022-02-28,136.8009,358.3848,121.8091,21126.36,30.15,183.893,0.87835,3.19089,6.5,0.271,0.97,124.99748200304775,200.8328499571282,116.67802445715365
2022-03-31,138.0117,320.9886,114.5291,21890.16,20.56,193.75,0.79287,2.5634,5.4,0.0325,0.96,125.29564010498504,203.29075896755052,117.74805282642566
2022-04-29,153.3293,377.7103,134.2399,20762.0,33.4,215.146,0.7196,2.92114,5.4,0.2012,0.96,124.37353493732554,199.67459048940938,116.27712584757015
2022-04-30,153.3293,377.7103,134.2399,20762.0,33.4,215.146,0.7196,2.92114,3.8,0.2012,0.99,124.37353493732554,199.67459048940938,116.27712584757015
2022-05-31,160.408,402.0917,129.3156,20729.34,26.19,196.77,0.54317,2.97771,2.4,0.0577,0.73,124.16462678512241,198.97632323905736,117.10114303813303
2022-06-30,162.9506,568.8523,155.6435,18861.36,28.71,147.476,0.35937,2.67173,0.8,-0.0916,0.21,124.24086958291242,187.8626706349496,115.36039580544839
2022-07-29,160.6605,465.2074,142.8841,19692.92,21.33,59.892,0.12032,2.72788,0.8,-0.1644,0.21,124.60216079256344,195.2422041980069,116.3829099733706
2022-07-31,160.6605,465.2074,142.8841,19692.92,21.33,59.892,0.12032,2.72788,-0.7,-0.1644,0.32,124.60216079256344,195.2422041980069,116.3829099733706
2022-08-31,157.9206,481.9952,139.676,19330.81,25.87,34.349,0.16377,1.64044,-1.5,-0.2186,0.52,125.17415014106955,194.91974676472935,116.56184185788652
2022-09-30,170.7993,551.1976,158.436,18444.22,31.62,48.299,0.16857,1.92953,-2.1,-0.1954,0.59,124.37483755137426,192.373773390005,115.21933238215864
2022-10-31,178.3446,462.44,157.525,19426.14,25.88,7.283,0.06496,1.70923,-3.6,-0.0642,0.19,124.19004864646963,197.80577156923388,115.8682028615875
2022-11-30,164.1186,465.6329,132.5739,20453.26,20.58,-64.319,0.06877,1.21422,-5.1,0.0994,0.04,125.33005240848381,198.32787315897752,117.78322220095056
2022-12-30,161.3367,468.0785,129.7856,19384.92,21.67,-44.287,0.03064,1.17316,-5.1,-0.0064,0.04,125.55343109634372,197.57410531324396,117.99311173771518
2022-12-31,161.3367,468.0785,129.7856,19384.92,21.67,-44.287,0.03064,1.17316,-6.4,-0.0064,0.02,125.55343109634372,197.57410531324396,117.99311173771518
2023-01-31,148.9053,420.6413,116.6635,20767.38,19.4,-105.605,-0.09086,1.10429,-6.1,0.1126,0.41,126.59484658591545,201.88911389457994,119.41035060141922
2023-02-28,144.3344,411.6753,123.3163,20221.19,20.7,-93.825,0.07032,1.85388,-7.0,0.2379,0.36,126.93340266840106,202.61624982584632,118.70874114033553
2023-03-31,165.2513,451.9087,137.785,20099.89,18.7,-115.46,0.20294,1.4193,-8.0,0.2713,0.2,125.85109317078692,200.00215078992892,118.23366665447712
2023-04-28,157.6097,447.1272,135.4386,20636.54,15.78,-140.877,-0.04653,1.19915,-8.0,0.2425,0.2,126.72669024390973,200.9923467637147,118.46032788233191
2023-04-30,157.6097,447.1272,135.4386,20636.54,15.78,-140.877,-0.04653,1.19915,-8.3,0.2425,0.43,126.72669024390973,200.9923467637147,118.46032788233191
2023-05-31,156.9796,464.6478,137.1582,19572.24,17.94,-155.599,-0.0396,1.41379,-8.2,0.5476,0.2,127.05254283023702,200.51542460664007,118.35612816535632
2023-06-30,150.5409,391.9271,121.8458,20155.29,13.59,-145.085,0.20355,1.09863,-8.1,0.7819,0.1,127.7659110595059,205.68763215277022,119.82899134179574
2023-07-31,142.4949,367.743,111.6771,20626.64,13.63,-142.178,0.18588,0.75332,-7.8,0.45,0.73,128.44564352458409,208.27374876815213,120.91010322809257
2023-08-31,147.6412,370.2912,116.9619,20292.62,13.57,-125.495,0.09091,0.69598,-7.9,0.371,0.45,128.25578664821742,208.64057868226405,120.79424933147067
2023-09-29,147.5384,394.9548,120.4382,19541.27,17.52,-75.716,0.04162,0.64725,-7.9,0.2498,0.45,128.44060506539415,207.7748050012993,120.78405000689207
2023-09-30,147.5384,394.9548,120.4382,19541.27,17.52,-75.716,0.04162,0.64725,-8.1,0.2498,0.64,128.44060506539415,207.7748050012993,120.78405000689207
2023-10-31,153.5535,431.6476,128.1321,18873.47,18.14,-38.225,0.21907,0.82483,-8.1,0.1111,0.18,128.28106683156867,205.82874945749015,120.33576467712257
2023-11-30,141.2588,371.3166,103.2572,20236.29,12.92,-90.745,0.09985,0.30975,-7.6,-0.1502,0.44,129.2699645764471,210.96656132762632,122.79772399160127
2023-12-29,131.7969,322.5641,98.4963,20958.44,12.45,-132.671,0.04805,-0.02307,-7.6,-0.0686,0.44,130.10655219852825,215.08432575240494,123.36249566107158
2023-12-31,131.7969,322.5641,98.4963,20958.44,12.45,-132.671,0.04805,-0.02307,-7.1,-0.0686,0.76,130.10655219852825,215.08432575240494,123.36249566107158
2024-01-31,124.6509,343.1283,95.3924,21021.88,14.35,-120.672,0.16759,-0.09852,-7.1,0.2384,0.39,130.6929788591216,214.61449124954487,123.90861896211325
2024-02-29,116.4417,314.3789,95.3604,21363.62,13.4,-100.875,-0.08604,0.42206,-6.5,0.1913,0.95,131.4837729887119,216.95779196175212,123.77129429919323
2024-03-29,117.7785,302.6346,89.2424,22167.03,13.01,-103.735,0.01761,0.48386,-6.5,0.2874,0.95,131.4917745416721,218.50242865051607,124.45770172942578
2024-03-31,117.7785,302.6346,89.2424,22167.03,13.01,-103.735,0.01761,0.48386,-5.5,0.2874,0.81,131.4917745416721,218.50242865051607,124.45770172942578
2024-04-30,115.4172,299.6812,86.4647,21714.54,15.65,-62.357,-0.13153,0.89052,-5.5,0.4063,0.87,131.83861258852292,218.752545911247,124.70156717809849
2024-05-31,116.9017,305.7569,83.8398,22269.12,12.92,-76.15,-0.32391,0.87849,-5.2,-0.0343,0.64,131.89811031484334,219.0013490067477,125.07649170853658
2024-06-28,120.2679,310.6206,93.2404,21875.79,12.44,-80.185,-0.455,0.5353,-5.2,-0.2787,0.64,131.7554276633093,219.31043163538365,124.40929551975333
2024-06-30,120.2679,310.6206,93.2404,21875.79,12.44,-80.185,-0.455,0.5353,-4.9,-0.2787,0.53,131.7554276633093,219.31043163538365,124.40929551975333
2024-07-31,120.0034,313.6092,93.1424,23110.81,16.36,-98.552,-0.39411,0.47916,-5.1,-0.3013,0.24,131.97754166602607,220.1682761110578,124.52811827557406
2024-08-30,122.7558,301.6766,92.0991,23346.18,15.0,-92.654,-0.3693,0.37696,-5.1,-0.2806,0.24,131.65412930389857,221.5977394450678,124.7769786716961
2024-08-31,122.7558,301.6766,92.0991,23346.18,15.0,-92.654,-0.3693,0.37696,-5.0,-0.2806,0.77,131.65412930389857,221.5977394450678,124.7769786716961
2024-09-30,114.1137,299.7202,88.19,24000.37,16.73,-51.864,-0.23868,0.31217,-4.7,-0.1841,0.42,132.59478016031107,223.2533058748385,125.40178257247038
2024-10-31,109.7792,282.5785,83.4365,24156.87,23.16,-7.984,-0.20292,0.47112,-4.2,0.1723,0.41,133.23222420215254,224.65419955785885,125.83259031344292
2024-11-29,101.1277,264.765,77.3449,25648.0,13.51,-13.878,-0.22466,0.57845,-4.2,0.1239,0.41,134.123398138895,226.33884969015782,126.476733752662
2024-11-30,101.1277,264.765,77.3449,25648.0,13.51,-13.878,-0.22466,0.57845,-3.5,0.1239,0.41,134.123398138895,226.33884969015782,126.476733752662
2024-12-31,98.5117,287.3775,79.825,24727.94,17.35,45.391,-0.22157,0.47576,-3.5,0.1092,0.41,134.31649447727494,225.88273756728077,126.39473593542104
